{
  "train_loss": [
    0.4964870847761631,
    0.2767559280619025,
    0.18576337024569511,
    0.0779098131461069,
    0.15236864506732672,
    0.019510951678967103,
    0.014968026400310919,
    0.13138335730764084,
    0.10731337263132446,
    0.19499914604239166
  ],
  "val_loss": [
    0.6731181840101877,
    0.1266604165236155,
    0.03442689295237263,
    0.037845521699637175,
    0.021959073841571808,
    0.05225271576394638,
    0.10075795999728143,
    0.1998253733230134,
    0.14953294939671954,
    0.99288812559098
  ],
  "val_bal_acc": [
    0.8888888888888888,
    1.0,
    1.0,
    1.0,
    1.0,
    1.0,
    1.0,
    1.0,
    1.0,
    0.9444444444444444
  ]
}